KEY_benef_mun,KEY_inegi_municipio
oaxaca-heroica ciudad de juchitan de zaragoza,oaxaca-juchitan de zaragoza
morelos-jonacatepec,morelos-jonacatepec de leandro valle
chiapas-cintalapa,chiapas-cintalapa de figueroa
oaxaca-villa de tututepec de melchor ocampo,oaxaca-villa de tututepec
oaxaca-santiago chazumba,oaxaca-villa de santiago chazumba
guerrero-coyuca de benitez,guerrero-coyuca de benitez
guerrero-cutzamala de pinzon,guerrero-cutzamala de pinzon
oaxaca-san juan guichicovi,oaxaca-san juan guichicovi
guerrero-arcelia,guerrero-arcelia
guerrero-tlalchapa,guerrero-tlalchapa
guerrero-ahuacuotzingo,guerrero-ahuacuotzingo
guerrero-tecoanapa,guerrero-tecoanapa
guerrero-atlixtac,guerrero-atlixtac
oaxaca-san juan mixtepec,oaxaca-san juan mixtepec
oaxaca-san juan mixtepec,oaxaca-san juan mixtepec
guerrero-tlapa de comonfort,guerrero-tlapa de comonfort
guerrero-copanatoyac,guerrero-copanatoyac
puebla-san gabriel chilac,puebla-san gabriel chilac
oaxaca-heroica ciudad de huajuapan de leon,oaxaca-heroica ciudad de huajuapan de leon
puebla-atzitzintla,puebla-atzitzintla
oaxaca-cuilapam de guerrero,oaxaca-cuilapam de guerrero
oaxaca-salina cruz,oaxaca-salina cruz
puebla-palmar de bravo,puebla-palmar de bravo
guerrero-san marcos,guerrero-san marcos
guerrero-general canuto a. neri,guerrero-general canuto a. neri
oaxaca-matias romero avendano,oaxaca-matias romero avendano
oaxaca-el barrio de la soledad,oaxaca-el barrio de la soledad
chiapas-las margaritas,chiapas-las margaritas
chiapas-ocozocoautla de espinosa,chiapas-ocozocoautla de espinosa
chiapas-comitan de dominguez,chiapas-comitan de dominguez
chiapas-tzimol,chiapas-tzimol
chiapas-la trinitaria,chiapas-la trinitaria
chiapas-villaflores,chiapas-villaflores
chiapas-acala,chiapas-acala
chiapas-venustiano carranza,chiapas-venustiano carranza
chiapas-chicomuselo,chiapas-chicomuselo
chiapas-socoltenango,chiapas-socoltenango
chiapas-salto de agua,chiapas-salto de agua
chiapas-la concordia,chiapas-la concordia
guerrero-tlapehuala,guerrero-tlapehuala
chiapas-acacoyagua,chiapas-acacoyagua
durango-santa clara,durango-santa clara
puebla-soltepec,puebla-soltepec
oaxaca-santa maria huazolotitlan,oaxaca-santa maria huazolotitlan
guerrero-ayutla de los libres,guerrero-ayutla de los libres
guerrero-tecpan de galeana,guerrero-tecpan de galeana
guerrero-chilapa de alvarez,guerrero-chilapa de alvarez
chiapas-suchiapa,chiapas-suchiapa
guerrero-zitlala,guerrero-zitlala
guerrero-teloloapan,guerrero-teloloapan
guerrero-pedro ascencio alquisiras,guerrero-pedro ascencio alquisiras
guerrero-san luis acatlan,guerrero-san luis acatlan
guerrero-general heliodoro castillo,guerrero-general heliodoro castillo
guerrero-atenango del rio,guerrero-atenango del rio
guerrero-chilpancingo de los bravo,guerrero-chilpancingo de los bravo
chiapas-la independencia,chiapas-la independencia
guerrero-cuautepec,guerrero-cuautepec
guerrero-olinala,guerrero-olinala
guerrero-cocula,guerrero-cocula
chiapas-las rosas,chiapas-las rosas
morelos-tlaquiltenango,morelos-tlaquiltenango
guerrero-quechultenango,guerrero-quechultenango
guerrero-petatlan,guerrero-petatlan
guerrero-apaxtla,guerrero-apaxtla
guerrero-san miguel totolapan,guerrero-san miguel totolapan
guerrero-leonardo bravo,guerrero-leonardo bravo
guerrero-zihuatanejo de azueta,guerrero-zihuatanejo de azueta
guerrero-marquelia,guerrero-marquelia
guerrero-coahuayutla de jose maria izazaga,guerrero-coahuayutla de jose maria izazaga
guerrero-juan r. escudero,guerrero-juan r. escudero
guerrero-florencio villarreal,guerrero-florencio villarreal
guerrero-acapulco de juarez,guerrero-acapulco de juarez
guerrero-mochitlan,guerrero-mochitlan
chiapas-chiapa de corzo,chiapas-chiapa de corzo
guerrero-benito juarez,guerrero-benito juarez
guerrero-huitzuco de los figueroa,guerrero-huitzuco de los figueroa
morelos-puente de ixtla,morelos-puente de ixtla
guerrero-atoyac de alvarez,guerrero-atoyac de alvarez
guerrero-tixtla de guerrero,guerrero-tixtla de guerrero
guerrero-cuajinicuilapa,guerrero-cuajinicuilapa
guerrero-tlacoapa,guerrero-tlacoapa
guerrero-huamuxtitlan,guerrero-huamuxtitlan
chiapas-yajalon,chiapas-yajalon
chiapas-altamirano,chiapas-altamirano
guerrero-jose joaquin de herrera,guerrero-jose joaquin de herrera
guerrero-tepecoacuilco de trujano,guerrero-tepecoacuilco de trujano
chiapas-rincon chamula san pedro,chiapas-rincon chamula san pedro
guerrero-eduardo neri,guerrero-eduardo neri
chiapas-chenalho,chiapas-chenalho
chiapas-angel albino corzo,chiapas-angel albino corzo
guerrero-iguala de la independencia,guerrero-iguala de la independencia
guerrero-taxco de alarcon,guerrero-taxco de alarcon
chiapas-el parral,chiapas-el parral
chiapas-pantelho,chiapas-pantelho
guerrero-martir de cuilapan,guerrero-martir de cuilapan
guerrero-juchitan,guerrero-juchitan
chiapas-tapilula,chiapas-tapilula
chiapas-ocosingo,chiapas-ocosingo
guerrero-ixcateopan de cuauhtemoc,guerrero-ixcateopan de cuauhtemoc
tlaxcala-atlangatepec,tlaxcala-atlangatepec
tlaxcala-munoz de domingo arenas,tlaxcala-munoz de domingo arenas
puebla-santiago miahuatlan,puebla-santiago miahuatlan
oaxaca-santiago cacaloxtepec,oaxaca-santiago cacaloxtepec
guerrero-la union de isidoro montes de oca,guerrero-la union de isidoro montes de oca
morelos-hueyapan,morelos-hueyapan
guerrero-coyuca de catalan,guerrero-coyuca de catalan
oaxaca-san juan bautista tlachichilco,oaxaca-san juan bautista tlachichilco
guerrero-zirandaro,guerrero-zirandaro
guerrero-alcozauca de guerrero,guerrero-alcozauca de guerrero
oaxaca-santa maria jacatepec,oaxaca-santa maria jacatepec
guerrero-azoyu,guerrero-azoyu
guerrero-igualapa,guerrero-igualapa
guerrero-copala,guerrero-copala
guerrero-malinaltepec,guerrero-malinaltepec
chiapas-benemerito de las americas,chiapas-benemerito de las americas
guerrero-zapotitlan tablas,guerrero-zapotitlan tablas
tlaxcala-huamantla,tlaxcala-huamantla
guerrero-ajuchitlan del progreso,guerrero-ajuchitlan del progreso
chiapas-mapastepec,chiapas-mapastepec
oaxaca-heroica ciudad de ejutla de crespo,oaxaca-heroica ciudad de ejutla de crespo
oaxaca-san felipe jalapa de diaz,oaxaca-san felipe jalapa de diaz
oaxaca-san jeronimo tecoatl,oaxaca-san jeronimo tecoatl
oaxaca-taniche,oaxaca-taniche
durango-nuevo ideal,durango-nuevo ideal
oaxaca-silacayoapam,oaxaca-silacayoapam
nayarit-acaponeta,nayarit-acaponeta
guerrero-cuetzala del progreso,guerrero-cuetzala del progreso
oaxaca-santo domingo tonala,oaxaca-santo domingo tonala
tlaxcala-ixtacuixtla de mariano matamoros,tlaxcala-ixtacuixtla de mariano matamoros
puebla-coxcatlan,puebla-coxcatlan
guerrero-tlacoachistlahuaca,guerrero-tlacoachistlahuaca
zacatecas-miguel auza,zacatecas-miguel auza
oaxaca-san pedro ixcatlan,oaxaca-san pedro ixcatlan
guerrero-ometepec,guerrero-ometepec
morelos-jantetelco,morelos-jantetelco
morelos-temoac,morelos-temoac
oaxaca-san juan mazatlan,oaxaca-san juan mazatlan
puebla-puebla,puebla-puebla
oaxaca-santiago jamiltepec,oaxaca-santiago jamiltepec
puebla-nopalucan,puebla-nopalucan
nayarit-la yesca,nayarit-la yesca
nayarit-del nayar,nayarit-del nayar
oaxaca-san pedro y san pablo teposcolula,oaxaca-san pedro y san pablo teposcolula
durango-poanas,durango-poanas
nayarit-ruiz,nayarit-ruiz
puebla-san salvador el seco,puebla-san salvador el seco
oaxaca-san agustin chayuco,oaxaca-san agustin chayuco
chiapas-san cristobal de las casas,chiapas-san cristobal de las casas
puebla-zinacatepec,puebla-zinacatepec
puebla-ajalpan,puebla-ajalpan
tlaxcala-nativitas,tlaxcala-nativitas
guerrero-copalillo,guerrero-copalillo
morelos-ayala,morelos-ayala
oaxaca-santos reyes nopala,oaxaca-santos reyes nopala
guerrero-acatepec,guerrero-acatepec
oaxaca-san pedro y san pablo ayutla,oaxaca-san pedro y san pablo ayutla
puebla-quecholac,puebla-quecholac
guerrero-cualac,guerrero-cualac
guerrero-xalpatlahuac,guerrero-xalpatlahuac
puebla-tlachichuca,puebla-tlachichuca
guerrero-pungarabato,guerrero-pungarabato
tlaxcala-el carmen tequexquitla,tlaxcala-el carmen tequexquitla
guerrero-iliatenco,guerrero-iliatenco
puebla-san juan atenco,puebla-san juan atenco
puebla-tlahuapan,puebla-tlahuapan
guerrero-xochistlahuaca,guerrero-xochistlahuaca
guerrero-buenavista de cuellar,guerrero-buenavista de cuellar
oaxaca-santa maria temaxcaltepec,oaxaca-santa maria temaxcaltepec
oaxaca-santa catarina juquila,oaxaca-santa catarina juquila
puebla-vicente guerrero,puebla-vicente guerrero
puebla-acatzingo,puebla-acatzingo
morelos-tepalcingo,morelos-tepalcingo
puebla-general felipe angeles,puebla-general felipe angeles
tlaxcala-mazatecochco de jose maria morelos,tlaxcala-mazatecochco de jose maria morelos
chiapas-escuintla,chiapas-escuintla
puebla-chalchicomula de sesma,puebla-chalchicomula de sesma
oaxaca-santiago nacaltepec,oaxaca-santiago nacaltepec
chiapas-acapetahua,chiapas-acapetahua
oaxaca-san pedro pochutla,oaxaca-san pedro pochutla
oaxaca-santo domingo nuxaa,oaxaca-santo domingo nuxaa
oaxaca-coatecas altas,oaxaca-coatecas altas
oaxaca-huautla de jimenez,oaxaca-huautla de jimenez
puebla-tehuacan,puebla-tehuacan
chiapas-amatenango de la frontera,chiapas-amatenango de la frontera
oaxaca-san jose chiltepec,oaxaca-san jose chiltepec
puebla-oriental,puebla-oriental
puebla-san nicolas buenos aires,puebla-san nicolas buenos aires
chiapas-emiliano zapata,chiapas-emiliano zapata
durango-nombre de dios,durango-nombre de dios
oaxaca-san andres nuxino,oaxaca-san andres nuxino
oaxaca-santiago llano grande,oaxaca-santiago llano grande
oaxaca-san juan bautista valle nacional,oaxaca-san juan bautista valle nacional
puebla-esperanza,puebla-esperanza
puebla-canada morelos,puebla-canada morelos
oaxaca-san pedro jicayan,oaxaca-san pedro jicayan
puebla-tepeaca,puebla-tepeaca
oaxaca-san lorenzo cuaunecuiltitla,oaxaca-san lorenzo cuaunecuiltitla
oaxaca-san agustin atenango,oaxaca-san agustin atenango
oaxaca-santa catarina ixtepeji,oaxaca-santa catarina ixtepeji
oaxaca-santiago pinotepa nacional,oaxaca-santiago pinotepa nacional
oaxaca-san sebastian ixcapa,oaxaca-san sebastian ixcapa
oaxaca-san miguel tlacamama,oaxaca-san miguel tlacamama
oaxaca-santa maria cortijo,oaxaca-santa maria cortijo
oaxaca-nejapa de madero,oaxaca-nejapa de madero
oaxaca-santa cruz tacache de mina,oaxaca-santa cruz tacache de mina
oaxaca-teococuilco de marcos perez,oaxaca-teococuilco de marcos perez
puebla-molcaxac,puebla-molcaxac
oaxaca-santiago jocotepec,oaxaca-santiago jocotepec
oaxaca-zapotitlan palmas,oaxaca-zapotitlan palmas
oaxaca-san marcos arteaga,oaxaca-san marcos arteaga
oaxaca-santiago laollaga,oaxaca-santiago laollaga
oaxaca-san blas atempa,oaxaca-san blas atempa
oaxaca-san martin toxpalan,oaxaca-san martin toxpalan
oaxaca-santa maria zacatepec,oaxaca-santa maria zacatepec
oaxaca-ayotzintepec,oaxaca-ayotzintepec
puebla-cuautinchan,puebla-cuautinchan
oaxaca-santa maria chilchotla,oaxaca-santa maria chilchotla
zacatecas-sain alto,zacatecas-sain alto
guerrero-alpoyeca,guerrero-alpoyeca
oaxaca-san juan chilateca,oaxaca-san juan chilateca
oaxaca-san jorge nuchita,oaxaca-san jorge nuchita
oaxaca-ixpantepec nieves,oaxaca-ixpantepec nieves
nayarit-rosamorada,nayarit-rosamorada
oaxaca-san miguel amatlan,oaxaca-san miguel amatlan
guerrero-tlalixtaquilla de maldonado,guerrero-tlalixtaquilla de maldonado
oaxaca-san juan lalana,oaxaca-san juan lalana
oaxaca-san pedro y san pablo tequixtepec,oaxaca-san pedro y san pablo tequixtepec
durango-vicente guerrero,durango-vicente guerrero
puebla-acajete,puebla-acajete
oaxaca-santiago ixtayutla,oaxaca-santiago ixtayutla
oaxaca-santiago tapextla,oaxaca-santiago tapextla
oaxaca-magdalena jaltepec,oaxaca-magdalena jaltepec
zacatecas-concepcion del oro,zacatecas-concepcion del oro
oaxaca-san lorenzo,oaxaca-san lorenzo
chiapas-tapachula,chiapas-tapachula
oaxaca-santiago juxtlahuaca,oaxaca-santiago juxtlahuaca
oaxaca-santo domingo armenta,oaxaca-santo domingo armenta
oaxaca-teotitlan de flores magon,oaxaca-teotitlan de flores magon
oaxaca-santiago huajolotitlan,oaxaca-santiago huajolotitlan
oaxaca-santiago texcalcingo,oaxaca-santiago texcalcingo
oaxaca-santa maria huatulco,oaxaca-santa maria huatulco
oaxaca-san francisco telixtlahuaca,oaxaca-san francisco telixtlahuaca
oaxaca-acatlan de perez figueroa,oaxaca-acatlan de perez figueroa
oaxaca-putla villa de guerrero,oaxaca-putla villa de guerrero
nayarit-santa maria del oro,nayarit-santa maria del oro
oaxaca-la compania,oaxaca-la compania
morelos-axochiapan,morelos-axochiapan
oaxaca-san felipe tejalapam,oaxaca-san felipe tejalapam
"oaxaca-heroica villa tezoatlan de segura y luna, cuna de la independencia de oaxaca","oaxaca-heroica villa tezoatlan de segura y luna, cuna de la independencia de oaxaca"
oaxaca-santo domingo tehuantepec,oaxaca-santo domingo tehuantepec
guerrero-pilcaya,guerrero-pilcaya
oaxaca-coicoyan de las flores,oaxaca-coicoyan de las flores
oaxaca-san martin peras,oaxaca-san martin peras
tlaxcala-sanctorum de lazaro cardenas,tlaxcala-sanctorum de lazaro cardenas
chiapas-chamula,chiapas-chamula
tlaxcala-tocatlan,tlaxcala-tocatlan
durango-santiago papasquiaro,durango-santiago papasquiaro
tlaxcala-tzompantepec,tlaxcala-tzompantepec
durango-canatlan,durango-canatlan
chiapas-palenque,chiapas-palenque
zacatecas-rio grande,zacatecas-rio grande
durango-pueblo nuevo,durango-pueblo nuevo
oaxaca-san juan ihualtepec,oaxaca-san juan ihualtepec
durango-ocampo,durango-ocampo
chiapas-jiquipilas,chiapas-jiquipilas
durango-san bernardo,durango-san bernardo
durango-durango,durango-durango
nayarit-ixtlan del rio,nayarit-ixtlan del rio
puebla-chilchotla,puebla-chilchotla
chiapas-juarez,chiapas-juarez
tlaxcala-nanacamilpa de mariano arista,tlaxcala-nanacamilpa de mariano arista
nayarit-santiago ixcuintla,nayarit-santiago ixcuintla
morelos-coatlan del rio,morelos-coatlan del rio
chiapas-ixhuatan,chiapas-ixhuatan
oaxaca-san juan coatzospam,oaxaca-san juan coatzospam
puebla-san matias tlalancaleca,puebla-san matias tlalancaleca
tlaxcala-benito juarez,tlaxcala-benito juarez
chiapas-pichucalco,chiapas-pichucalco
chiapas-bella vista,chiapas-bella vista
tlaxcala-apizaco,tlaxcala-apizaco
tlaxcala-tetla de la solidaridad,tlaxcala-tetla de la solidaridad
morelos-amacuzac,morelos-amacuzac
zacatecas-general francisco r. murguia,zacatecas-general francisco r. murguia
nayarit-tuxpan,nayarit-tuxpan
chiapas-la libertad,chiapas-la libertad
durango-mapimi,durango-mapimi
zacatecas-trancoso,zacatecas-trancoso
zacatecas-pinos,zacatecas-pinos
durango-tamazula,durango-tamazula
oaxaca-villa hidalgo,oaxaca-villa hidalgo
zacatecas-fresnillo,zacatecas-fresnillo
zacatecas-general panfilo natera,zacatecas-general panfilo natera
puebla-lafragua,puebla-lafragua
chiapas-coapilla,chiapas-coapilla
morelos-huitzilac,morelos-huitzilac
puebla-tlaltenango,puebla-tlaltenango
oaxaca-san miguel chimalapa,oaxaca-san miguel chimalapa
oaxaca-san juan bautista tuxtepec,oaxaca-san juan bautista tuxtepec
guerrero-tetipac,guerrero-tetipac
chiapas-villa corzo,chiapas-villa corzo
nayarit-tecuala,nayarit-tecuala
oaxaca-santa cruz itundujia,oaxaca-santa cruz itundujia
oaxaca-san miguel el grande,oaxaca-san miguel el grande
oaxaca-santa maria papalo,oaxaca-santa maria papalo
zacatecas-villa de cos,zacatecas-villa de cos
nayarit-jala,nayarit-jala
durango-suchil,durango-suchil
zacatecas-guadalupe,zacatecas-guadalupe
durango-general simon bolivar,durango-general simon bolivar
zacatecas-sombrerete,zacatecas-sombrerete
nayarit-huajicori,nayarit-huajicori
durango-san juan del rio,durango-san juan del rio
durango-san juan de guadalupe,durango-san juan de guadalupe
zacatecas-juan aldama,zacatecas-juan aldama
zacatecas-canitas de felipe pescador,zacatecas-canitas de felipe pescador
puebla-tecamachalco,puebla-tecamachalco
oaxaca-tamazulapam del espiritu santo,oaxaca-tamazulapam del espiritu santo
oaxaca-santiago yaveo,oaxaca-santiago yaveo
morelos-tlaltizapan de zapata,morelos-tlaltizapan de zapata
oaxaca-concepcion papalo,oaxaca-concepcion papalo
oaxaca-san andres teotilalpam,oaxaca-san andres teotilalpam
oaxaca-san felipe usila,oaxaca-san felipe usila
oaxaca-guevea de humboldt,oaxaca-guevea de humboldt
chiapas-montecristo de guerrero,chiapas-montecristo de guerrero
chiapas-villa comaltitlan,chiapas-villa comaltitlan
tlaxcala-cuapiaxtla,tlaxcala-cuapiaxtla
tlaxcala-atltzayanca,tlaxcala-atltzayanca
nayarit-compostela,nayarit-compostela
oaxaca-santo tomas mazaltepec,oaxaca-santo tomas mazaltepec
puebla-cuyoaco,puebla-cuyoaco
puebla-libres,puebla-libres
tlaxcala-tepeyanco,tlaxcala-tepeyanco
nayarit-amatlan de canas,nayarit-amatlan de canas
oaxaca-san jeronimo coatlan,oaxaca-san jeronimo coatlan
oaxaca-santa maria tonameca,oaxaca-santa maria tonameca
oaxaca-ayoquezco de aldama,oaxaca-ayoquezco de aldama
oaxaca-santa catarina loxicha,oaxaca-santa catarina loxicha
oaxaca-san miguel coatlan,oaxaca-san miguel coatlan
oaxaca-villa sola de vega,oaxaca-villa sola de vega
oaxaca-san pedro mixtepec,oaxaca-san pedro mixtepec
oaxaca-san pedro mixtepec,oaxaca-san pedro mixtepec
oaxaca-santa maria colotepec,oaxaca-santa maria colotepec
oaxaca-san gabriel mixtepec,oaxaca-san gabriel mixtepec
oaxaca-san baltazar loxicha,oaxaca-san baltazar loxicha
oaxaca-san lucas ojitlan,oaxaca-san lucas ojitlan
nayarit-ahuacatlan,nayarit-ahuacatlan
nayarit-san pedro lagunillas,nayarit-san pedro lagunillas
tlaxcala-ziltlaltepec de trinidad sanchez santos,tlaxcala-ziltlaltepec de trinidad sanchez santos
tlaxcala-panotla,tlaxcala-panotla
tlaxcala-teolocholco,tlaxcala-teolocholco
tlaxcala-acuamanala de miguel hidalgo,tlaxcala-acuamanala de miguel hidalgo
tlaxcala-hueyotlipan,tlaxcala-hueyotlipan
chiapas-ostuacan,chiapas-ostuacan
tlaxcala-tetlatlahuca,tlaxcala-tetlatlahuca
oaxaca-san jeronimo taviche,oaxaca-san jeronimo taviche
durango-mezquital,durango-mezquital
chiapas-maravilla tenejapa,chiapas-maravilla tenejapa
tlaxcala-ixtenco,tlaxcala-ixtenco
guerrero-metlatonoc,guerrero-metlatonoc
puebla-tzicatlacoyan,puebla-tzicatlacoyan
oaxaca-san carlos yautepec,oaxaca-san carlos yautepec
chiapas-simojovel,chiapas-simojovel
oaxaca-heroica ciudad de tlaxiaco,oaxaca-heroica ciudad de tlaxiaco
oaxaca-san agustin tlacotepec,oaxaca-san agustin tlacotepec
chiapas-ixtapa,chiapas-ixtapa
puebla-tecali de herrera,puebla-tecali de herrera
chiapas-tecpatan,chiapas-tecpatan
durango-guadalupe victoria,durango-guadalupe victoria
chiapas-pueblo nuevo solistahuacan,chiapas-pueblo nuevo solistahuacan
chiapas-copainala,chiapas-copainala
chiapas-frontera comalapa,chiapas-frontera comalapa
oaxaca-magdalena penasco,oaxaca-magdalena penasco
oaxaca-san juan colorado,oaxaca-san juan colorado
chiapas-francisco leon,chiapas-francisco leon
oaxaca-santiago choapam,oaxaca-santiago choapam
tlaxcala-tepetitla de lardizabal,tlaxcala-tepetitla de lardizabal
guerrero-xochihuehuetlan,guerrero-xochihuehuetlan
oaxaca-villa de zaachila,oaxaca-villa de zaachila
oaxaca-san pedro ocopetatillo,oaxaca-san pedro ocopetatillo
chiapas-pantepec,chiapas-pantepec
chiapas-chilon,chiapas-chilon
oaxaca-san pedro martir quiechapa,oaxaca-san pedro martir quiechapa
oaxaca-san bartolome ayautla,oaxaca-san bartolome ayautla
oaxaca-huautepec,oaxaca-huautepec
tlaxcala-xaloztoc,tlaxcala-xaloztoc
chiapas-siltepec,chiapas-siltepec
puebla-san martin texmelucan,puebla-san martin texmelucan
oaxaca-mazatlan villa de flores,oaxaca-mazatlan villa de flores
oaxaca-san melchor betaza,oaxaca-san melchor betaza
durango-panuco de coronado,durango-panuco de coronado
morelos-ocuituco,morelos-ocuituco
chiapas-huitiupan,chiapas-huitiupan
chiapas-rayon,chiapas-rayon
oaxaca-san sebastian rio hondo,oaxaca-san sebastian rio hondo
oaxaca-santo tomas ocotepec,oaxaca-santo tomas ocotepec
oaxaca-san mateo nejapam,oaxaca-san mateo nejapam
chiapas-mezcalapa,chiapas-mezcalapa
oaxaca-san juan numi,oaxaca-san juan numi
chiapas-tuxtla chico,chiapas-tuxtla chico
oaxaca-santa maria chimalapa,oaxaca-santa maria chimalapa
oaxaca-santa cruz nundaco,oaxaca-santa cruz nundaco
durango-otaez,durango-otaez
zacatecas-villa garcia,zacatecas-villa garcia
oaxaca-asuncion cacalotepec,oaxaca-asuncion cacalotepec
chiapas-huixtan,chiapas-huixtan
oaxaca-magdalena teitipac,oaxaca-magdalena teitipac
tlaxcala-san jose teacalco,tlaxcala-san jose teacalco
oaxaca-san pedro atoyac,oaxaca-san pedro atoyac
oaxaca-santa cruz tacahua,oaxaca-santa cruz tacahua
chiapas-arriaga,chiapas-arriaga
morelos-yautepec,morelos-yautepec
oaxaca-santo domingo petapa,oaxaca-santo domingo petapa
oaxaca-zimatlan de alvarez,oaxaca-zimatlan de alvarez
zacatecas-ojocaliente,zacatecas-ojocaliente
chiapas-chiapilla,chiapas-chiapilla
oaxaca-mesones hidalgo,oaxaca-mesones hidalgo
oaxaca-mixistlan de la reforma,oaxaca-mixistlan de la reforma
puebla-zautla,puebla-zautla
puebla-chiautzingo,puebla-chiautzingo
oaxaca-ocotlan de morelos,oaxaca-ocotlan de morelos
oaxaca-san miguel quetzaltepec,oaxaca-san miguel quetzaltepec
chiapas-tonala,chiapas-tonala
oaxaca-monjas,oaxaca-monjas
chiapas-pijijiapan,chiapas-pijijiapan
chiapas-san juan cancuc,chiapas-san juan cancuc
puebla-ocotepec,puebla-ocotepec
chiapas-sabanilla,chiapas-sabanilla
chiapas-tila,chiapas-tila
oaxaca-santiago yosondua,oaxaca-santiago yosondua
oaxaca-santa catarina tayata,oaxaca-santa catarina tayata
oaxaca-constancia del rosario,oaxaca-constancia del rosario
chiapas-san fernando,chiapas-san fernando
puebla-domingo arenas,puebla-domingo arenas
chiapas-bochil,chiapas-bochil
chiapas-amatenango del valle,chiapas-amatenango del valle
oaxaca-san jacinto tlacotepec,oaxaca-san jacinto tlacotepec
oaxaca-santiago xanica,oaxaca-santiago xanica
zacatecas-loreto,zacatecas-loreto
chiapas-tapalapa,chiapas-tapalapa
guerrero-atlamajalcingo del monte,guerrero-atlamajalcingo del monte
chiapas-chapultenango,chiapas-chapultenango
chiapas-berriozabal,chiapas-berriozabal
chiapas-zinacantan,chiapas-zinacantan
chiapas-teopisca,chiapas-teopisca
puebla-tlacotepec de benito juarez,puebla-tlacotepec de benito juarez
oaxaca-san jeronimo sosola,oaxaca-san jeronimo sosola
oaxaca-san martin lachila,oaxaca-san martin lachila
oaxaca-san juan cotzocon,oaxaca-san juan cotzocon
durango-cuencame,durango-cuencame
guerrero-cochoapa el grande,guerrero-cochoapa el grande
puebla-chichiquila,puebla-chichiquila
zacatecas-mazapil,zacatecas-mazapil
puebla-rafael lara grajales,puebla-rafael lara grajales
oaxaca-san bartolo coyotepec,oaxaca-san bartolo coyotepec
oaxaca-san agustin loxicha,oaxaca-san agustin loxicha
oaxaca-san miguel tenango,oaxaca-san miguel tenango
oaxaca-san antonino castillo velasco,oaxaca-san antonino castillo velasco
oaxaca-san bartolome yucuane,oaxaca-san bartolome yucuane
tlaxcala-tlaxco,tlaxcala-tlaxco
tlaxcala-calpulalpan,tlaxcala-calpulalpan
oaxaca-san juan quiotepec,oaxaca-san juan quiotepec
oaxaca-san juan de los cues,oaxaca-san juan de los cues
oaxaca-cosolapa,oaxaca-cosolapa
chiapas-el porvenir,chiapas-el porvenir
oaxaca-san miguel del puerto,oaxaca-san miguel del puerto
oaxaca-san pedro apostol,oaxaca-san pedro apostol
oaxaca-san pedro yolox,oaxaca-san pedro yolox
chiapas-chalchihuitan,chiapas-chalchihuitan
puebla-cuapiaxtla de madero,puebla-cuapiaxtla de madero
oaxaca-santa maria mixtequilla,oaxaca-santa maria mixtequilla
puebla-huejotzingo,puebla-huejotzingo
puebla-quimixtlan,puebla-quimixtlan
chiapas-sitala,chiapas-sitala
oaxaca-santa maria ecatepec,oaxaca-santa maria ecatepec
puebla-amozoc,puebla-amozoc
chiapas-totolapa,chiapas-totolapa
oaxaca-martires de tacubaya,oaxaca-martires de tacubaya
morelos-yecapixtla,morelos-yecapixtla
oaxaca-san sebastian tecomaxtlahuaca,oaxaca-san sebastian tecomaxtlahuaca
puebla-tepatlaxco de hidalgo,puebla-tepatlaxco de hidalgo
morelos-cuernavaca,morelos-cuernavaca
oaxaca-pinotepa de don luis,oaxaca-pinotepa de don luis
oaxaca-san andres huaxpaltepec,oaxaca-san andres huaxpaltepec
zacatecas-calera,zacatecas-calera
oaxaca-santa maria yolotepec,oaxaca-santa maria yolotepec
chiapas-marques de comillas,chiapas-marques de comillas
chiapas-ocotepec,chiapas-ocotepec
puebla-guadalupe victoria,puebla-guadalupe victoria
chiapas-frontera hidalgo,chiapas-frontera hidalgo
oaxaca-santa maria ipalapa,oaxaca-santa maria ipalapa
chiapas-jitotol,chiapas-jitotol
oaxaca-san jose tenango,oaxaca-san jose tenango
oaxaca-san simon almolongas,oaxaca-san simon almolongas
oaxaca-magdalena tequisistlan,oaxaca-magdalena tequisistlan
oaxaca-santo domingo tepuxtepec,oaxaca-santo domingo tepuxtepec
chiapas-ixtapangajoya,chiapas-ixtapangajoya
chiapas-huehuetan,chiapas-huehuetan
oaxaca-san juan bautista cuicatlan,oaxaca-san juan bautista cuicatlan
oaxaca-tataltepec de valdes,oaxaca-tataltepec de valdes
oaxaca-tlacolula de matamoros,oaxaca-tlacolula de matamoros
chiapas-tenejapa,chiapas-tenejapa
oaxaca-san lucas quiavini,oaxaca-san lucas quiavini
oaxaca-santo domingo zanatepec,oaxaca-santo domingo zanatepec
chiapas-oxchuc,chiapas-oxchuc
puebla-yehualtepec,puebla-yehualtepec
oaxaca-santa maria yosoyua,oaxaca-santa maria yosoyua
oaxaca-santa cruz acatepec,oaxaca-santa cruz acatepec
oaxaca-santiago miltepec,oaxaca-santiago miltepec
oaxaca-san jose del progreso,oaxaca-san jose del progreso
oaxaca-san pedro martir,oaxaca-san pedro martir
oaxaca-san pedro sochiapam,oaxaca-san pedro sochiapam
oaxaca-santa maria teopoxco,oaxaca-santa maria teopoxco
oaxaca-santa maria petapa,oaxaca-santa maria petapa
durango-san dimas,durango-san dimas
oaxaca-santos reyes tepejillo,oaxaca-santos reyes tepejillo
oaxaca-santa maria ozolotepec,oaxaca-santa maria ozolotepec
zacatecas-vetagrande,zacatecas-vetagrande
oaxaca-san andres zabache,oaxaca-san andres zabache
oaxaca-san lucas zoquiapam,oaxaca-san lucas zoquiapam
chiapas-nicolas ruiz,chiapas-nicolas ruiz
oaxaca-santo domingo roayaga,oaxaca-santo domingo roayaga
chiapas-motozintla,chiapas-motozintla
morelos-coatetelco,morelos-coatetelco
oaxaca-san pedro tapanatepec,oaxaca-san pedro tapanatepec
oaxaca-santo domingo ozolotepec,oaxaca-santo domingo ozolotepec
oaxaca-santa maria atzompa,oaxaca-santa maria atzompa
puebla-san salvador el verde,puebla-san salvador el verde
chiapas-mazapa de madero,chiapas-mazapa de madero
chiapas-bejucal de ocampo,chiapas-bejucal de ocampo
puebla-calpan,puebla-calpan
chiapas-aldama,chiapas-aldama
zacatecas-panuco,zacatecas-panuco
durango-el oro,durango-el oro
chiapas-cacahoatan,chiapas-cacahoatan
oaxaca-santa maria camotlan,oaxaca-santa maria camotlan
chiapas-amatan,chiapas-amatan
oaxaca-san pablo villa de mitla,oaxaca-san pablo villa de mitla
chiapas-la grandeza,chiapas-la grandeza
oaxaca-santiago tetepec,oaxaca-santiago tetepec
oaxaca-santiago laxopa,oaxaca-santiago laxopa
oaxaca-santa maria penoles,oaxaca-santa maria penoles
oaxaca-santiago astata,oaxaca-santiago astata
oaxaca-yogana,oaxaca-yogana
oaxaca-san pedro huamelula,oaxaca-san pedro huamelula
morelos-tlayacapan,morelos-tlayacapan
oaxaca-san miguel amatitlan,oaxaca-san miguel amatitlan
oaxaca-san raymundo jalpan,oaxaca-san raymundo jalpan
chiapas-san lucas,chiapas-san lucas
oaxaca-miahuatlan de porfirio diaz,oaxaca-miahuatlan de porfirio diaz
oaxaca-santiago apostol,oaxaca-santiago apostol
tlaxcala-santa cruz tlaxcala,tlaxcala-santa cruz tlaxcala
oaxaca-san francisco huehuetlan,oaxaca-san francisco huehuetlan
oaxaca-animas trujano,oaxaca-animas trujano
chiapas-mazatan,chiapas-mazatan
oaxaca-asuncion ocotlan,oaxaca-asuncion ocotlan
puebla-tepeyahualco,puebla-tepeyahualco
durango-topia,durango-topia
zacatecas-chalchihuites,zacatecas-chalchihuites
durango-tepehuanes,durango-tepehuanes
durango-nazas,durango-nazas
oaxaca-santiago suchilquitongo,oaxaca-santiago suchilquitongo
zacatecas-villa gonzalez ortega,zacatecas-villa gonzalez ortega
durango-guanacevi,durango-guanacevi
oaxaca-san francisco cahuacua,oaxaca-san francisco cahuacua
oaxaca-santa maria la asuncion,oaxaca-santa maria la asuncion
oaxaca-valerio trujano,oaxaca-valerio trujano
oaxaca-san juan cieneguilla,oaxaca-san juan cieneguilla
morelos-tepoztlan,morelos-tepoztlan
oaxaca-san francisco chapulapa,oaxaca-san francisco chapulapa
oaxaca-san pedro teozacoalco,oaxaca-san pedro teozacoalco
oaxaca-san martin zacatepec,oaxaca-san martin zacatepec
oaxaca-yutanduchi de guerrero,oaxaca-yutanduchi de guerrero
nayarit-tepic,nayarit-tepic
zacatecas-jerez,zacatecas-jerez
tlaxcala-xicohtzinco,tlaxcala-xicohtzinco
oaxaca-san miguel santa flor,oaxaca-san miguel santa flor
oaxaca-san mateo yucutindoo,oaxaca-san mateo yucutindoo
oaxaca-san juan tamazola,oaxaca-san juan tamazola
oaxaca-san pedro jaltepetongo,oaxaca-san pedro jaltepetongo
durango-inde,durango-inde
oaxaca-san juan bautista lo de soto,oaxaca-san juan bautista lo de soto
chiapas-larrainzar,chiapas-larrainzar
oaxaca-zapotitlan lagunas,oaxaca-zapotitlan lagunas
puebla-coronango,puebla-coronango
durango-hidalgo,durango-hidalgo
oaxaca-san francisco sola,oaxaca-san francisco sola
chiapas-huixtla,chiapas-huixtla
oaxaca-san agustin yatareni,oaxaca-san agustin yatareni
oaxaca-san miguel soyaltepec,oaxaca-san miguel soyaltepec
oaxaca-santiago camotlan,oaxaca-santiago camotlan
oaxaca-san bartolo yautepec,oaxaca-san bartolo yautepec
oaxaca-san antonio tepetlapa,oaxaca-san antonio tepetlapa
oaxaca-san juan juquila mixes,oaxaca-san juan juquila mixes
oaxaca-santa maria quiegolani,oaxaca-santa maria quiegolani
oaxaca-totontepec villa de morelos,oaxaca-totontepec villa de morelos
puebla-san jose miahuatlan,puebla-san jose miahuatlan
oaxaca-santa maria tepantlali,oaxaca-santa maria tepantlali
oaxaca-ixtlan de juarez,oaxaca-ixtlan de juarez
oaxaca-loma bonita,oaxaca-loma bonita
oaxaca-san jeronimo tlacochahuaya,oaxaca-san jeronimo tlacochahuaya
oaxaca-san pedro comitancillo,oaxaca-san pedro comitancillo
oaxaca-santiago yaitepec,oaxaca-santiago yaitepec
tlaxcala-chiautempan,tlaxcala-chiautempan
oaxaca-san mateo del mar,oaxaca-san mateo del mar
oaxaca-santos reyes yucuna,oaxaca-santos reyes yucuna
tlaxcala-san lorenzo axocomanitla,tlaxcala-san lorenzo axocomanitla
morelos-temixco,morelos-temixco
morelos-cuautla,morelos-cuautla
chiapas-soyalo,chiapas-soyalo
durango-coneto de comonfort,durango-coneto de comonfort
nayarit-bahia de banderas,nayarit-bahia de banderas
oaxaca-mariscala de juarez,oaxaca-mariscala de juarez
oaxaca-san juan atepec,oaxaca-san juan atepec
oaxaca-santiago minas,oaxaca-santiago minas
oaxaca-san mateo etlatongo,oaxaca-san mateo etlatongo
oaxaca-san juan bautista jayacatlan,oaxaca-san juan bautista jayacatlan
oaxaca-nuevo zoquiapam,oaxaca-nuevo zoquiapam
oaxaca-san esteban atatlahuca,oaxaca-san esteban atatlahuca
oaxaca-san juan petlapa,oaxaca-san juan petlapa
oaxaca-san juan del estado,oaxaca-san juan del estado
oaxaca-san miguel aloapam,oaxaca-san miguel aloapam
oaxaca-santiago amoltepec,oaxaca-santiago amoltepec
oaxaca-santo domingo teojomulco,oaxaca-santo domingo teojomulco
oaxaca-santo domingo tlatayapam,oaxaca-santo domingo tlatayapam
oaxaca-santa maria zoquitlan,oaxaca-santa maria zoquitlan
oaxaca-san pedro totolapam,oaxaca-san pedro totolapam
oaxaca-santa catarina lachatao,oaxaca-santa catarina lachatao
tlaxcala-emiliano zapata,tlaxcala-emiliano zapata
tlaxcala-xaltocan,tlaxcala-xaltocan
tlaxcala-terrenate,tlaxcala-terrenate
chiapas-el bosque,chiapas-el bosque
chiapas-tumbala,chiapas-tumbala
morelos-jojutla,morelos-jojutla
morelos-mazatepec,morelos-mazatepec
oaxaca-san juan comaltepec,oaxaca-san juan comaltepec
morelos-xoxocotla,morelos-xoxocotla
puebla-altepexi,puebla-altepexi
oaxaca-san francisco tlapancingo,oaxaca-san francisco tlapancingo
oaxaca-san simon zahuatlan,oaxaca-san simon zahuatlan
oaxaca-asuncion tlacolulita,oaxaca-asuncion tlacolulita
oaxaca-guadalupe de ramirez,oaxaca-guadalupe de ramirez
tlaxcala-espanita,tlaxcala-espanita
oaxaca-cienega de zimatlan,oaxaca-cienega de zimatlan
oaxaca-santa gertrudis,oaxaca-santa gertrudis
oaxaca-santa catarina yosonotu,oaxaca-santa catarina yosonotu
oaxaca-santiago zacatepec,oaxaca-santiago zacatepec
chiapas-solosuchiapa,chiapas-solosuchiapa
oaxaca-santos reyes papalo,oaxaca-santos reyes papalo
oaxaca-san juan cacahuatepec,oaxaca-san juan cacahuatepec
oaxaca-san juan tepeuxila,oaxaca-san juan tepeuxila
durango-rodeo,durango-rodeo
durango-san pedro del gallo,durango-san pedro del gallo
durango-san luis del cordero,durango-san luis del cordero
morelos-tetecala,morelos-tetecala
oaxaca-santa maria tlahuitoltepec,oaxaca-santa maria tlahuitoltepec
durango-canelas,durango-canelas
chiapas-osumacinta,chiapas-osumacinta
oaxaca-san miguel ahuehuetitlan,oaxaca-san miguel ahuehuetitlan
chiapas-reforma,chiapas-reforma
puebla-aljojuca,puebla-aljojuca
oaxaca-santiago tamazola,oaxaca-santiago tamazola
oaxaca-calihuala,oaxaca-calihuala
oaxaca-villa diaz ordaz,oaxaca-villa diaz ordaz
oaxaca-san juan lajarcia,oaxaca-san juan lajarcia
tlaxcala-santa catarina ayometla,tlaxcala-santa catarina ayometla
oaxaca-san andres yaa,oaxaca-san andres yaa
chiapas-catazaja,chiapas-catazaja
morelos-totolapan,morelos-totolapan
oaxaca-san pedro jocotipac,oaxaca-san pedro jocotipac
oaxaca-eloxochitlan de flores magon,oaxaca-eloxochitlan de flores magon
zacatecas-villa hidalgo,zacatecas-villa hidalgo
oaxaca-santa maria del tule,oaxaca-santa maria del tule
oaxaca-santa maria tecomavaca,oaxaca-santa maria tecomavaca
chiapas-suchiate,chiapas-suchiate
zacatecas-noria de angeles,zacatecas-noria de angeles
oaxaca-san ildefonso villa alta,oaxaca-san ildefonso villa alta
oaxaca-santa maria alotepec,oaxaca-santa maria alotepec
oaxaca-santo domingo de morelos,oaxaca-santo domingo de morelos
oaxaca-candelaria loxicha,oaxaca-candelaria loxicha
zacatecas-morelos,zacatecas-morelos
oaxaca-san andres lagunas,oaxaca-san andres lagunas
oaxaca-san francisco ozolotepec,oaxaca-san francisco ozolotepec
puebla-san salvador huixcolotla,puebla-san salvador huixcolotla
puebla-san nicolas de los ranchos,puebla-san nicolas de los ranchos
morelos-zacualpan de amilpas,morelos-zacualpan de amilpas
oaxaca-santiago lachiguiri,oaxaca-santiago lachiguiri
oaxaca-san juan ozolotepec,oaxaca-san juan ozolotepec
oaxaca-santa maria jalapa del marques,oaxaca-santa maria jalapa del marques
oaxaca-san francisco ixhuatan,oaxaca-san francisco ixhuatan
oaxaca-san andres ixtlahuaca,oaxaca-san andres ixtlahuaca
morelos-emiliano zapata,morelos-emiliano zapata
oaxaca-san pedro huilotepec,oaxaca-san pedro huilotepec
oaxaca-san luis amatlan,oaxaca-san luis amatlan
oaxaca-san juan lachigalla,oaxaca-san juan lachigalla
oaxaca-san pedro teutila,oaxaca-san pedro teutila
oaxaca-chiquihuitlan de benito juarez,oaxaca-chiquihuitlan de benito juarez
oaxaca-san mateo cajonos,oaxaca-san mateo cajonos
oaxaca-asuncion ixtaltepec,oaxaca-asuncion ixtaltepec
oaxaca-san dionisio del mar,oaxaca-san dionisio del mar
oaxaca-san baltazar chichicapam,oaxaca-san baltazar chichicapam
oaxaca-la pe,oaxaca-la pe
oaxaca-san pedro juchatengo,oaxaca-san pedro juchatengo
oaxaca-san ildefonso sola,oaxaca-san ildefonso sola
tlaxcala-lazaro cardenas,tlaxcala-lazaro cardenas
puebla-nicolas bravo,puebla-nicolas bravo
oaxaca-san juan bautista tlacoatzintepec,oaxaca-san juan bautista tlacoatzintepec
oaxaca-santa maria sola,oaxaca-santa maria sola
oaxaca-ciudad ixtepec,oaxaca-ciudad ixtepec
oaxaca-san pedro taviche,oaxaca-san pedro taviche
oaxaca-san juan teitipac,oaxaca-san juan teitipac
oaxaca-reforma de pineda,oaxaca-reforma de pineda
oaxaca-santiago apoala,oaxaca-santiago apoala
oaxaca-santa cruz papalutla,oaxaca-santa cruz papalutla
oaxaca-santo domingo ingenio,oaxaca-santo domingo ingenio
durango-penon blanco,durango-penon blanco
oaxaca-santa catarina quioquitani,oaxaca-santa catarina quioquitani
oaxaca-santiago niltepec,oaxaca-santiago niltepec
chiapas-chicoasen,chiapas-chicoasen
tlaxcala-yauhquemehcan,tlaxcala-yauhquemehcan
oaxaca-santa maria ixcatlan,oaxaca-santa maria ixcatlan
oaxaca-san miguel chicahua,oaxaca-san miguel chicahua
puebla-ocoyucan,puebla-ocoyucan
chiapas-ixtacomitan,chiapas-ixtacomitan
zacatecas-tabasco,zacatecas-tabasco
oaxaca-san cristobal amatlan,oaxaca-san cristobal amatlan
oaxaca-san pablo coatlan,oaxaca-san pablo coatlan
morelos-tlalnepantla,morelos-tlalnepantla
puebla-santo tomas hueyotlipan,puebla-santo tomas hueyotlipan
oaxaca-san pablo yaganiza,oaxaca-san pablo yaganiza
chiapas-metapa,chiapas-metapa
nayarit-san blas,nayarit-san blas
oaxaca-el espinal,oaxaca-el espinal
oaxaca-santo domingo xagacia,oaxaca-santo domingo xagacia
oaxaca-santa catarina zapoquila,oaxaca-santa catarina zapoquila
oaxaca-magdalena tlacotepec,oaxaca-magdalena tlacotepec
oaxaca-santa maria texcatitlan,oaxaca-santa maria texcatitlan
chiapas-chanal,chiapas-chanal
zacatecas-general enrique estrada,zacatecas-general enrique estrada
oaxaca-san francisco del mar,oaxaca-san francisco del mar
chiapas-tuxtla gutierrez,chiapas-tuxtla gutierrez
oaxaca-santa maria tlalixtac,oaxaca-santa maria tlalixtac
morelos-tetela del volcan,morelos-tetela del volcan
oaxaca-cuyamecalco villa de zaragoza,oaxaca-cuyamecalco villa de zaragoza
oaxaca-santo domingo chihuitan,oaxaca-santo domingo chihuitan
zacatecas-valparaiso,zacatecas-valparaiso
tlaxcala-zacatelco,tlaxcala-zacatelco
oaxaca-san miguel tlacotepec,oaxaca-san miguel tlacotepec
morelos-miacatlan,morelos-miacatlan
oaxaca-san andres zautla,oaxaca-san andres zautla
oaxaca-santiago comaltepec,oaxaca-santiago comaltepec
morelos-atlatlahucan,morelos-atlatlahucan
tlaxcala-san pablo del monte,tlaxcala-san pablo del monte
tlaxcala-papalotla de xicohtencatl,tlaxcala-papalotla de xicohtencatl
oaxaca-san miguel mixtepec,oaxaca-san miguel mixtepec
oaxaca-santa cruz mixtepec,oaxaca-santa cruz mixtepec
oaxaca-san antonino el alto,oaxaca-san antonino el alto
oaxaca-magdalena mixtepec,oaxaca-magdalena mixtepec
oaxaca-santa ana tlapacoyan,oaxaca-santa ana tlapacoyan
oaxaca-san vicente lachixio,oaxaca-san vicente lachixio
oaxaca-san pablo huixtepec,oaxaca-san pablo huixtepec
oaxaca-soledad etla,oaxaca-soledad etla
zacatecas-el salvador,zacatecas-el salvador
oaxaca-santiago lalopa,oaxaca-santiago lalopa
oaxaca-santa ana zegache,oaxaca-santa ana zegache
oaxaca-san miguel panixtlahuaca,oaxaca-san miguel panixtlahuaca
oaxaca-san jose ayuquila,oaxaca-san jose ayuquila
oaxaca-villa de etla,oaxaca-villa de etla
oaxaca-san cristobal lachirioag,oaxaca-san cristobal lachirioag
oaxaca-san martin itunyoso,oaxaca-san martin itunyoso
chiapas-mitontic,chiapas-mitontic
oaxaca-santa cruz zenzontepec,oaxaca-santa cruz zenzontepec
puebla-mixtla,puebla-mixtla
oaxaca-san mateo yoloxochitlan,oaxaca-san mateo yoloxochitlan
oaxaca-san dionisio ocotepec,oaxaca-san dionisio ocotepec
oaxaca-san sebastian abasolo,oaxaca-san sebastian abasolo
oaxaca-santa maria nativitas,oaxaca-santa maria nativitas
oaxaca-santiago atitlan,oaxaca-santiago atitlan
oaxaca-san andres solaga,oaxaca-san andres solaga
oaxaca-santiago xiacui,oaxaca-santiago xiacui
oaxaca-villa talea de castro,oaxaca-villa talea de castro
oaxaca-san juan lachao,oaxaca-san juan lachao
oaxaca-trinidad zaachila,oaxaca-trinidad zaachila
oaxaca-san miguel tulancingo,oaxaca-san miguel tulancingo
oaxaca-san juan bautista guelache,oaxaca-san juan bautista guelache
oaxaca-san juan juquila vijanos,oaxaca-san juan juquila vijanos
chiapas-honduras de la sierra,chiapas-honduras de la sierra
oaxaca-san antonio acutla,oaxaca-san antonio acutla
oaxaca-san pedro quiatoni,oaxaca-san pedro quiatoni
oaxaca-santa catarina minas,oaxaca-santa catarina minas
oaxaca-santa maria lachixio,oaxaca-santa maria lachixio
oaxaca-san bernardo mixtepec,oaxaca-san bernardo mixtepec
oaxaca-san martin tilcajete,oaxaca-san martin tilcajete
oaxaca-santo domingo yanhuitlan,oaxaca-santo domingo yanhuitlan
oaxaca-san juan del rio,oaxaca-san juan del rio
oaxaca-santa lucia monteverde,oaxaca-santa lucia monteverde
tlaxcala-tlaxcala,tlaxcala-tlaxcala
puebla-tepanco de lopez,puebla-tepanco de lopez
oaxaca-san andres paxtlan,oaxaca-san andres paxtlan
oaxaca-san miguel suchixtepec,oaxaca-san miguel suchixtepec
oaxaca-santa cruz xitla,oaxaca-santa cruz xitla
oaxaca-san vicente coatlan,oaxaca-san vicente coatlan
oaxaca-san francisco logueche,oaxaca-san francisco logueche
oaxaca-san sebastian nicananduta,oaxaca-san sebastian nicananduta
oaxaca-san pablo etla,oaxaca-san pablo etla
oaxaca-san antonino monte verde,oaxaca-san antonino monte verde
oaxaca-santiago nundiche,oaxaca-santiago nundiche
oaxaca-santo tomas jalieza,oaxaca-santo tomas jalieza
oaxaca-san andres huayapam,oaxaca-san andres huayapam
oaxaca-tlalixtac de cabrera,oaxaca-tlalixtac de cabrera
oaxaca-san francisco jaltepetongo,oaxaca-san francisco jaltepetongo
oaxaca-san jose lachiguiri,oaxaca-san jose lachiguiri
oaxaca-san sebastian coatlan,oaxaca-san sebastian coatlan
oaxaca-santiago matatlan,oaxaca-santiago matatlan
oaxaca-santa ana del valle,oaxaca-santa ana del valle
puebla-xochitlan todos santos,puebla-xochitlan todos santos
oaxaca-santa maria guelace,oaxaca-santa maria guelace
tlaxcala-apetatitlan de antonio carvajal,tlaxcala-apetatitlan de antonio carvajal
oaxaca-santiago textitlan,oaxaca-santiago textitlan
oaxaca-concepcion buenavista,oaxaca-concepcion buenavista
oaxaca-san jose independencia,oaxaca-san jose independencia
oaxaca-san sebastian teitipac,oaxaca-san sebastian teitipac
oaxaca-san juan guelavia,oaxaca-san juan guelavia
oaxaca-san bartolome loxicha,oaxaca-san bartolome loxicha
oaxaca-asuncion nochixtlan,oaxaca-asuncion nochixtlan
oaxaca-san pedro topiltepec,oaxaca-san pedro topiltepec
oaxaca-san martin de los cansecos,oaxaca-san martin de los cansecos
oaxaca-santo tomas tamazulapan,oaxaca-santo tomas tamazulapan
oaxaca-santa catalina quieri,oaxaca-santa catalina quieri
oaxaca-santa maria zaniza,oaxaca-santa maria zaniza
oaxaca-santa maria del rosario,oaxaca-santa maria del rosario
oaxaca-santa maria yucuhiti,oaxaca-santa maria yucuhiti
oaxaca-san miguel piedras,oaxaca-san miguel piedras
oaxaca-san vicente nunu,oaxaca-san vicente nunu
zacatecas-tlaltenango de sanchez roman,zacatecas-tlaltenango de sanchez roman
oaxaca-san miguel peras,oaxaca-san miguel peras
oaxaca-santa ines de zaragoza,oaxaca-santa ines de zaragoza
oaxaca-san juan quiahije,oaxaca-san juan quiahije
oaxaca-san ildefonso amatlan,oaxaca-san ildefonso amatlan
oaxaca-san antonio huitepec,oaxaca-san antonio huitepec
oaxaca-san pablo huitzo,oaxaca-san pablo huitzo
oaxaca-santiago tenango,oaxaca-santiago tenango
oaxaca-magdalena ocotlan,oaxaca-magdalena ocotlan
oaxaca-santa lucia ocotlan,oaxaca-santa lucia ocotlan
oaxaca-san andres cabecera nueva,oaxaca-san andres cabecera nueva
oaxaca-santa maria xadani,oaxaca-santa maria xadani
oaxaca-sitio de xitlapehua,oaxaca-sitio de xitlapehua
oaxaca-union hidalgo,oaxaca-union hidalgo
oaxaca-san juan yatzona,oaxaca-san juan yatzona
oaxaca-san juan bautista atatlahuca,oaxaca-san juan bautista atatlahuca
oaxaca-santa ana tavela,oaxaca-santa ana tavela
oaxaca-san miguel ejutla,oaxaca-san miguel ejutla
oaxaca-san jose del penasco,oaxaca-san jose del penasco
oaxaca-santa ana ateixtlahuaca,oaxaca-santa ana ateixtlahuaca
oaxaca-san miguel del rio,oaxaca-san miguel del rio
oaxaca-san mateo penasco,oaxaca-san mateo penasco
zacatecas-melchor ocampo,zacatecas-melchor ocampo
oaxaca-yaxe,oaxaca-yaxe
oaxaca-fresnillo de trujano,oaxaca-fresnillo de trujano
oaxaca-san dionisio ocotlan,oaxaca-san dionisio ocotlan
oaxaca-santa catarina cuixtla,oaxaca-santa catarina cuixtla
oaxaca-san nicolas,oaxaca-san nicolas
oaxaca-san miguel achiutla,oaxaca-san miguel achiutla
oaxaca-san juan chicomezuchil,oaxaca-san juan chicomezuchil
oaxaca-santa catarina ticua,oaxaca-santa catarina ticua
oaxaca-san juan bautista suchitepec,oaxaca-san juan bautista suchitepec
puebla-los reyes de juarez,puebla-los reyes de juarez
tlaxcala-la magdalena tlaltelulco,tlaxcala-la magdalena tlaltelulco
oaxaca-cosoltepec,oaxaca-cosoltepec
oaxaca-santa maria totolapilla,oaxaca-santa maria totolapilla
tlaxcala-san lucas tecopilco,tlaxcala-san lucas tecopilco
zacatecas-nochistlan de mejia,zacatecas-nochistlan de mejia
oaxaca-chahuites,oaxaca-chahuites
oaxaca-santa maria temaxcalapa,oaxaca-santa maria temaxcalapa
puebla-mazapiltepec de juarez,puebla-mazapiltepec de juarez
oaxaca-capulalpam de mendez,oaxaca-capulalpam de mendez
oaxaca-asuncion cuyotepeji,oaxaca-asuncion cuyotepeji
chiapas-tuzantan,chiapas-tuzantan
oaxaca-villa de tamazulapam del progreso,oaxaca-villa de tamazulapam del progreso
puebla-san jose chiapa,puebla-san jose chiapa
zacatecas-genaro codina,zacatecas-genaro codina
puebla-tochtepec,puebla-tochtepec
oaxaca-san pedro cajonos,oaxaca-san pedro cajonos
tlaxcala-san damian texoloc,tlaxcala-san damian texoloc
oaxaca-la reforma,oaxaca-la reforma
oaxaca-san pedro ixtlahuaca,oaxaca-san pedro ixtlahuaca
chiapas-union juarez,chiapas-union juarez
oaxaca-santiago nuyoo,oaxaca-santiago nuyoo
oaxaca-santa ana,oaxaca-santa ana
oaxaca-santa cruz tayata,oaxaca-santa cruz tayata
zacatecas-zacatecas,zacatecas-zacatecas
oaxaca-santa magdalena jicotlan,oaxaca-santa magdalena jicotlan
oaxaca-san jose estancia grande,oaxaca-san jose estancia grande
oaxaca-santa catarina mechoacan,oaxaca-santa catarina mechoacan
oaxaca-rojas de cuauhtemoc,oaxaca-rojas de cuauhtemoc
tlaxcala-san jeronimo zacualpan,tlaxcala-san jeronimo zacualpan
tlaxcala-san francisco tetlanohcan,tlaxcala-san francisco tetlanohcan
nayarit-xalisco,nayarit-xalisco
oaxaca-santiago tilantongo,oaxaca-santiago tilantongo
tlaxcala-cuaxomulco,tlaxcala-cuaxomulco
oaxaca-san nicolas hidalgo,oaxaca-san nicolas hidalgo
chiapas-san andres duraznal,chiapas-san andres duraznal
oaxaca-san andres dinicuiti,oaxaca-san andres dinicuiti
oaxaca-santiago zoochila,oaxaca-santiago zoochila
tlaxcala-santa ana nopalucan,tlaxcala-santa ana nopalucan
oaxaca-santiago del rio,oaxaca-santiago del rio
oaxaca-santo domingo albarradas,oaxaca-santo domingo albarradas
oaxaca-san lorenzo victoria,oaxaca-san lorenzo victoria
oaxaca-chalcatongo de hidalgo,oaxaca-chalcatongo de hidalgo
puebla-san miguel xoxtla,puebla-san miguel xoxtla
oaxaca-san pedro amuzgos,oaxaca-san pedro amuzgos
oaxaca-san juan yaee,oaxaca-san juan yaee
oaxaca-santa maria apazco,oaxaca-santa maria apazco
oaxaca-abejones,oaxaca-abejones
oaxaca-san pablo tijaltepec,oaxaca-san pablo tijaltepec
oaxaca-santiago huauclilla,oaxaca-santiago huauclilla
oaxaca-san pedro molinos,oaxaca-san pedro molinos
oaxaca-san juan bautista coixtlahuaca,oaxaca-san juan bautista coixtlahuaca
oaxaca-tanetze de zaragoza,oaxaca-tanetze de zaragoza
oaxaca-san martin huamelulpam,oaxaca-san martin huamelulpam
oaxaca-san antonio sinicahua,oaxaca-san antonio sinicahua
oaxaca-santiago yolomecatl,oaxaca-santiago yolomecatl
oaxaca-san juan teposcolula,oaxaca-san juan teposcolula
oaxaca-san pablo macuiltianguis,oaxaca-san pablo macuiltianguis
oaxaca-santa maria yalina,oaxaca-santa maria yalina
oaxaca-santa maria jaltianguis,oaxaca-santa maria jaltianguis
oaxaca-san miguel yotao,oaxaca-san miguel yotao
oaxaca-reyes etla,oaxaca-reyes etla
oaxaca-san juan tabaa,oaxaca-san juan tabaa
oaxaca-santo domingo tonaltepec,oaxaca-santo domingo tonaltepec
oaxaca-teotitlan del valle,oaxaca-teotitlan del valle
oaxaca-san juan evangelista analco,oaxaca-san juan evangelista analco
oaxaca-villa de chilapa de diaz,oaxaca-villa de chilapa de diaz
oaxaca-san juan sayultepec,oaxaca-san juan sayultepec
oaxaca-san cristobal amoltepec,oaxaca-san cristobal amoltepec
oaxaca-santiago ayuquililla,oaxaca-santiago ayuquililla
oaxaca-san francisco chindua,oaxaca-san francisco chindua
oaxaca-san miguel tequixtepec,oaxaca-san miguel tequixtepec
morelos-xochitepec,morelos-xochitepec
oaxaca-oaxaca de juarez,oaxaca-oaxaca de juarez
oaxaca-santa cruz de bravo,oaxaca-santa cruz de bravo
oaxaca-santo domingo ixcatlan,oaxaca-santo domingo ixcatlan
oaxaca-magdalena zahuatlan,oaxaca-magdalena zahuatlan
oaxaca-magdalena apasco,oaxaca-magdalena apasco
tlaxcala-santa apolonia teacalco,tlaxcala-santa apolonia teacalco
chiapas-sunuapa,chiapas-sunuapa
oaxaca-teotongo,oaxaca-teotongo
oaxaca-san lorenzo albarradas,oaxaca-san lorenzo albarradas
oaxaca-san pedro yucunama,oaxaca-san pedro yucunama
oaxaca-san antonio nanahuatipam,oaxaca-san antonio nanahuatipam
tlaxcala-contla de juan cuamatzi,tlaxcala-contla de juan cuamatzi
oaxaca-san pedro nopala,oaxaca-san pedro nopala
oaxaca-santa maria guienagati,oaxaca-santa maria guienagati
oaxaca-san bartolo soyaltepec,oaxaca-san bartolo soyaltepec
zacatecas-luis moya,zacatecas-luis moya
zacatecas-villanueva,zacatecas-villanueva
oaxaca-santa catarina quiane,oaxaca-santa catarina quiane
zacatecas-tepetongo,zacatecas-tepetongo
oaxaca-santa ana cuauhtemoc,oaxaca-santa ana cuauhtemoc
tlaxcala-tenancingo,tlaxcala-tenancingo
oaxaca-santa maria yavesia,oaxaca-santa maria yavesia
oaxaca-santo domingo tomaltepec,oaxaca-santo domingo tomaltepec
oaxaca-san marcial ozolotepec,oaxaca-san marcial ozolotepec
oaxaca-san lucas camotlan,oaxaca-san lucas camotlan
oaxaca-villa tejupam de la union,oaxaca-villa tejupam de la union
chiapas-santiago el pinar,chiapas-santiago el pinar
oaxaca-san andres sinaxtla,oaxaca-san andres sinaxtla
oaxaca-santa maria coyotepec,oaxaca-santa maria coyotepec
tlaxcala-amaxac de guerrero,tlaxcala-amaxac de guerrero
oaxaca-san miguel tecomatlan,oaxaca-san miguel tecomatlan
morelos-zacatepec,morelos-zacatepec
oaxaca-san miguel huautla,oaxaca-san miguel huautla
oaxaca-san juan teita,oaxaca-san juan teita
oaxaca-san pedro el alto,oaxaca-san pedro el alto
oaxaca-san jeronimo silacayoapilla,oaxaca-san jeronimo silacayoapilla
oaxaca-san lorenzo cacaotepec,oaxaca-san lorenzo cacaotepec
oaxaca-san miguel tilquiapam,oaxaca-san miguel tilquiapam
oaxaca-santa ana yareni,oaxaca-santa ana yareni
zacatecas-jimenez del teul,zacatecas-jimenez del teul
oaxaca-san pedro tidaa,oaxaca-san pedro tidaa
oaxaca-san pedro coxcaltepec cantaros,oaxaca-san pedro coxcaltepec cantaros
oaxaca-magdalena yodocono de porfirio diaz,oaxaca-magdalena yodocono de porfirio diaz
oaxaca-san mateo rio hondo,oaxaca-san mateo rio hondo
oaxaca-santiago yucuyachi,oaxaca-santiago yucuyachi
oaxaca-santiago ihuitlan plumas,oaxaca-santiago ihuitlan plumas
oaxaca-santiago nejapilla,oaxaca-santiago nejapilla
oaxaca-santa lucia miahuatlan,oaxaca-santa lucia miahuatlan
oaxaca-santa maria nduayaco,oaxaca-santa maria nduayaco
oaxaca-santa maria chachoapam,oaxaca-santa maria chachoapam
oaxaca-san francisco nuxano,oaxaca-san francisco nuxano
oaxaca-san francisco lachigolo,oaxaca-san francisco lachigolo
oaxaca-santa maria tataltepec,oaxaca-santa maria tataltepec
oaxaca-san pablo cuatro venados,oaxaca-san pablo cuatro venados
oaxaca-santiago tillo,oaxaca-santiago tillo
oaxaca-san mateo tlapiltepec,oaxaca-san mateo tlapiltepec
oaxaca-san francisco teopan,oaxaca-san francisco teopan
oaxaca-san bartolome quialana,oaxaca-san bartolome quialana
oaxaca-san agustin de las juntas,oaxaca-san agustin de las juntas
oaxaca-santiago tepetlapa,oaxaca-santiago tepetlapa
oaxaca-santiago tlazoyaltepec,oaxaca-santiago tlazoyaltepec
oaxaca-guadalupe etla,oaxaca-guadalupe etla
oaxaca-nazareno etla,oaxaca-nazareno etla
oaxaca-san juan diuxi,oaxaca-san juan diuxi
oaxaca-san juan yucuita,oaxaca-san juan yucuita
oaxaca-san agustin amatengo,oaxaca-san agustin amatengo
oaxaca-san agustin etla,oaxaca-san agustin etla
oaxaca-san juan achiutla,oaxaca-san juan achiutla
oaxaca-santa ines del monte,oaxaca-santa ines del monte
morelos-jiutepec,morelos-jiutepec
oaxaca-san pedro yaneri,oaxaca-san pedro yaneri
tlaxcala-santa cruz quilehtla,tlaxcala-santa cruz quilehtla
tlaxcala-santa isabel xiloxoxtla,tlaxcala-santa isabel xiloxoxtla
oaxaca-santa ines yatzeche,oaxaca-santa ines yatzeche
oaxaca-tepelmeme villa de morelos,oaxaca-tepelmeme villa de morelos
oaxaca-tlacotepec plumas,oaxaca-tlacotepec plumas
oaxaca-guelatao de juarez,oaxaca-guelatao de juarez
chiapas-capitan luis angel vidal,chiapas-capitan luis angel vidal
oaxaca-juchitan de zaragoza,oaxaca-juchitan de zaragoza
zacatecas-cuauhtemoc,zacatecas-cuauhtemoc
oaxaca-san pedro martir yucuxaco,oaxaca-san pedro martir yucuxaco
tlaxcala-san juan huactzinco,tlaxcala-san juan huactzinco
zacatecas-trinidad garcia de la cadena,zacatecas-trinidad garcia de la cadena
oaxaca-san cristobal suchixtlahuaca,oaxaca-san cristobal suchixtlahuaca
oaxaca-san mateo sindihui,oaxaca-san mateo sindihui
oaxaca-la trinidad vista hermosa,oaxaca-la trinidad vista hermosa
oaxaca-san pedro ocotepec,oaxaca-san pedro ocotepec
oaxaca-san baltazar yatzachi el bajo,oaxaca-san baltazar yatzachi el bajo
oaxaca-santa cruz xoxocotlan,oaxaca-santa cruz xoxocotlan
oaxaca-san andres tepetlapa,oaxaca-san andres tepetlapa
oaxaca-san bartolome zoogocho,oaxaca-san bartolome zoogocho
oaxaca-santa lucia del camino,oaxaca-santa lucia del camino